date,average_temp_degrees,min_temp_degrees,max_temp_degrees,wind_direction_degrees,wind_speed_kph,peak_wind_gust_kph,avg_air_pressure_hPa
2020-12-23,9.6,7.5,10.6,188.0,10.8,29.6,1005.2
2020-12-24,3.9,1.9,6.9,339.0,24.4,42.6,1020.4
2020-12-25,0.9,-0.4,2.3,305.0,15.1,38.9,1030.5
2020-12-26,5.8,1.0,9.3,232.0,23.2,64.8,1016.2
2020-12-27,5.7,1.9,9.0,234.0,23.4,70.4,977.5
2020-12-28,1.6,-0.2,2.8,68.0,9.1,25.9,974.4
2020-12-29,1.3,0.1,2.0,310.0,11.4,24.1,989.8
2020-12-30,1.2,0.1,3.2,287.0,9.3,22.2,1002.5
2020-12-31,-0.7,-2.4,1.2,322.0,8.5,22.2,1005.6
2021-01-01,-0.3,-2.4,2.2,304.0,9.2,20.4,1011.8
2021-01-02,1.3,-0.8,2.5,338.0,11.2,24.1,1016.2
2021-01-03,1.3,-0.7,3.0,17.0,13.7,29.6,1017.7
2021-01-04,1.9,0.9,2.8,24.0,20.4,38.9,1019.8
2021-01-05,1.2,0.2,1.9,13.0,19.2,35.2,1020.4
2021-01-06,1.5,0.0,2.7,8.0,13.6,29.6,1019.9
2021-01-07,-1.2,-2.2,-0.3,305.0,10.1,22.2,1018.7
2021-01-08,-0.8,-2.2,1.0,327.0,6.8,18.5,1018.8
2021-01-09,-0.5,-1.5,1.4,349.0,7.2,18.5,1026.3
2021-01-10,0.3,-1.3,2.5,260.0,9.1,20.4,1026.1
2021-01-11,4.2,0.8,7.4,248.0,20.1,40.8,1018.0
2021-01-12,5.6,0.6,8.6,304.0,15.7,44.5,1014.0
2021-01-13,3.9,0.2,6.8,260.0,8.8,20.4,1018.7
2021-01-14,4.3,0.7,6.8,86.0,13.9,33.3,1017.0
2021-01-15,0.6,-0.7,2.4,18.0,8.3,24.1,1029.8
2021-01-16,3.7,1.1,6.3,218.0,16.4,35.2,1020.1
2021-01-17,3.8,2.6,5.6,290.0,15.6,33.3,1023.4
2021-01-18,4.2,1.6,7.4,230.0,14.4,35.2,1021.1
2021-01-19,9.6,7.8,10.4,229.0,28.2,48.2,1003.9
2021-01-20,9.6,9.0,10.0,202.0,30.2,53.7,988.0
2021-01-20,9.6,9.0,10.0,202.0,30.2,53.7,988.0
2021-01-21,5.4,2.8,8.1,239.0,24.0,55.5,984.6
2021-01-22,2.6,-0.1,5.9,238.0,10.2,24.1,992.1
2021-01-23,0.7,-1.1,2.8,278.0,10.0,25.9,995.5
2021-01-24,-0.9,-2.4,0.5,75.0,11.7,31.5,996.9
2021-01-25,-0.2,-2.9,2.8,299.0,15.1,31.5,1009.5
2021-01-26,1.5,-1.6,5.5,205.0,12.5,29.6,1015.5
2021-01-27,7.2,5.8,8.5,243.0,10.0,24.1,1011.0
2021-01-28,10.2,7.9,12.3,235.0,18.9,46.3,1002.0
2021-01-29,8.7,7.1,9.8,264.0,20.8,42.6,998.1
2021-01-30,4.2,2.2,7.1,84.0,19.6,42.6,997.6
2021-01-31,1.7,-0.1,2.9,72.0,15.7,35.2,998.7
2021-02-01,3.0,2.1,4.0,21.0,10.9,25.9,996.9
2021-02-02,8.5,3.8,11.4,202.0,17.2,35.2,995.2
2021-02-03,7.4,4.5,8.7,240.0,13.7,33.3,996.8
2021-02-04,5.8,3.5,7.7,166.0,11.1,24.1,1008.7
2021-02-05,6.6,5.3,8.6,185.0,8.9,20.4,1008.4
2021-02-06,4.4,2.9,6.0,44.0,10.9,33.3,1006.8
2021-02-07,0.1,-1.4,2.9,16.0,26.2,48.2,1004.5
2021-02-08,-2.2,-2.7,-1.5,28.0,21.2,38.9,1003.9
2021-02-09,-2.8,-3.7,-1.6,46.0,14.3,29.6,1007.3
2021-02-10,-3.1,-5.1,-1.1,28.0,12.9,25.9,1015.9
2021-02-11,-3.7,-5.7,-1.8,89.0,11.6,27.8,1027.1
2021-02-12,-3.2,-4.3,-1.5,89.0,16.9,35.2,1030.5
2021-02-13,-3.6,-5.4,-1.9,122.0,17.4,35.2,1032.8
2021-02-14,0.6,-1.9,3.9,154.0,20.4,37.0,1025.7
2021-02-15,7.7,4.5,10.6,198.0,15.3,31.5,1018.2
2021-02-16,8.4,7.3,9.4,209.0,18.1,35.2,1010.4
2021-02-17,8.7,7.0,9.8,203.0,21.4,38.9,1009.8
2021-02-18,7.5,5.0,8.6,212.0,20.2,40.8,1004.0
2021-02-20,11.2,9.5,13.1,177.0,21.8,42.6,1003.3
2021-02-21,10.8,9.1,13.5,164.0,12.0,29.6,1008.2
2021-02-22,9.0,6.7,11.0,192.0,9.6,24.1,1014.7
2021-02-23,9.2,5.7,12.2,186.0,19.9,44.5,1023.0
2021-02-24,11.7,10.5,13.6,195.0,20.7,38.9,1022.5
2021-02-25,8.9,4.4,10.9,265.0,11.0,29.6,1026.6
2021-02-26,5.3,1.3,10.4,296.0,7.3,20.4,1037.2
2021-02-27,6.0,2.3,10.8,15.0,7.3,18.5,1041.0
2021-02-28,5.4,2.8,9.3,59.0,11.6,25.9,1037.4
2021-03-01,5.5,3.1,9.7,66.0,13.9,27.8,1032.1
2021-03-02,5.5,2.0,10.7,54.0,10.2,22.2,1029.8
2021-03-03,6.2,3.1,10.2,95.0,7.5,16.7,1027.4
2021-03-04,4.6,2.5,6.4,19.0,13.0,25.9,1025.1
2021-03-05,2.6,0.5,5.3,32.0,13.7,29.6,1031.7
2021-03-06,1.9,-0.7,5.1,48.0,9.0,22.2,1034.0
2021-03-07,1.6,-0.9,4.6,0.0,7.4,18.5,1027.9
2021-03-08,3.5,-0.2,7.9,263.0,7.7,20.4,1023.9
2021-03-09,5.8,1.5,10.8,259.0,11.8,27.8,1020.2
2021-03-10,7.2,5.6,9.6,205.0,27.2,59.3,1007.6
2021-03-11,8.5,4.5,10.6,247.0,37.0,66.7,995.9
2021-03-12,6.5,3.8,9.0,240.0,27.9,57.4,1001.8
2021-03-13,6.1,3.4,8.7,258.0,31.9,63.0,995.4
2021-03-14,6.3,3.5,9.4,280.0,24.2,44.5,1012.4
2021-03-15,8.0,5.7,10.8,313.0,17.4,37.0,1020.3
2021-03-16,8.4,5.3,12.2,310.0,16.0,37.0,1027.4
2021-03-17,6.1,4.0,8.6,343.0,14.1,27.8,1033.0
2021-03-18,5.7,3.1,7.4,346.0,15.5,31.5,1028.8
2021-03-19,6.4,3.8,8.6,29.0,15.8,31.5,1028.1
2021-03-20,5.6,1.6,8.9,332.0,8.9,22.2,1031.4
2021-03-21,7.3,5.7,9.5,6.0,13.1,29.6,1028.6
2021-03-21,7.3,5.7,9.5,6.0,13.1,29.6,1028.6
2021-03-22,7.1,3.9,10.8,254.0,8.2,22.2,1026.6
2021-03-23,6.8,3.1,10.4,216.0,12.5,31.5,1024.0
2021-03-24,7.4,3.8,11.0,219.0,12.1,29.6,1020.8
2021-03-25,7.6,3.0,11.5,221.0,15.6,37.0,1018.2
2021-03-27,6.5,3.0,9.4,248.0,22.4,42.6,1020.0
2021-03-28,9.0,5.4,13.2,233.0,21.05,40.75,1023.2
2021-03-29,11.5,7.8,17.0,218.0,19.7,38.9,1026.4
2021-03-30,12.5,5.1,20.8,160.0,9.3,22.2,1027.7
2021-03-31,14.5,7.9,21.3,172.0,8.7,22.2,1020.9
2021-04-01,10.1,5.4,13.4,46.0,16.8,33.3,1024.3
2021-04-02,5.7,2.7,9.0,33.0,18.8,35.2,1029.8
2021-04-03,5.5,3.6,7.8,21.0,17.8,33.3,1032.0
2021-04-04,6.9,1.4,12.9,295.0,11.1,27.8,1025.9
2021-04-05,5.0,0.8,6.6,318.0,20.7,42.6,1018.0
2021-04-06,1.7,-1.5,5.1,314.0,16.4,40.8,1020.8
2021-04-06,1.7,-1.5,5.1,314.0,16.4,40.8,1020.8
2021-04-07,2.1,-1.9,5.9,293.0,13.4,31.5,1023.8
2021-04-08,5.2,0.3,9.6,231.0,14.6,35.2,1021.8
2021-04-09,7.0,3.7,10.2,257.0,12.0,27.8,1013.8
2021-04-10,4.6,2.4,6.0,38.0,14.6,33.3,1013.5
2021-04-11,3.2,-0.4,7.5,349.0,14.4,29.6,1019.2
2021-04-12,3.3,-0.7,8.0,289.0,8.3,22.2,1028.5
2021-04-13,4.9,-0.7,10.0,245.0,7.2,22.2,1032.7
2021-04-14,5.6,1.6,9.8,53.0,9.0,27.8,1032.9
2021-04-15,4.0,-0.2,7.7,28.0,12.6,31.5,1033.5
2021-04-16,4.7,0.3,8.9,42.0,9.3,22.2,1031.6
2021-04-17,5.9,0.4,10.9,43.0,9.5,24.1,1029.6
2021-04-19,8.9,2.9,15.1,99.0,6.9,20.4,1021.8
2021-04-20,9.8,4.0,15.0,92.0,6.5,18.5,1018.3
2021-04-20,9.8,4.0,15.0,92.0,6.5,18.5,1018.3
2021-04-21,8.9,5.2,12.7,59.0,13.2,33.3,1020.9
2021-04-22,6.7,1.6,12.2,75.0,13.1,27.8,1027.2
2021-04-23,8.0,2.1,14.3,93.0,13.9,33.3,1028.9
2021-04-24,9.0,4.3,14.6,80.0,15.1,33.3,1027.9
2021-04-25,7.0,3.2,11.0,60.0,18.3,37.0,1028.7
2021-04-26,6.5,2.4,10.8,60.0,14.7,29.6,1022.0
2021-04-27,7.9,2.3,13.5,111.0,6.8,18.5,1011.1
2021-04-28,7.5,4.9,10.5,43.0,15.7,33.3,1006.4
2021-04-28,7.5,4.9,10.5,43.0,15.7,33.3,1006.4
2021-04-29,6.5,2.8,10.2,355.0,14.6,29.6,1011.3
2021-04-30,6.3,2.0,10.7,359.0,7.8,20.4,1015.2
2021-04-30,6.3,2.0,10.7,359.0,7.8,20.4,1015.2
2021-05-01,6.5,2.2,10.8,5.0,8.6,24.1,1016.5
2021-05-02,7.3,2.2,11.7,291.0,7.5,24.1,1020.3
2021-05-03,7.9,4.0,11.0,219.0,23.4,59.3,1013.2
2021-05-04,9.4,5.6,12.0,270.0,32.5,61.1,999.4
2021-05-05,6.8,3.6,10.4,278.0,14.2,29.6,1008.3
2021-05-06,6.3,1.8,10.0,265.0,9.7,27.8,1007.2
2021-05-07,7.8,3.0,12.0,262.0,13.7,29.6,1015.1
2021-05-08,10.7,6.0,14.9,181.0,19.9,46.3,1006.3
2021-05-09,14.9,11.0,18.2,193.0,17.7,37.0,997.7
2021-05-10,12.6,9.6,15.2,207.0,18.5,48.2,1000.2
2021-05-11,10.9,7.0,14.2,177.0,12.5,33.3,1007.3
2021-05-12,11.4,7.6,14.8,188.0,13.4,27.8,1008.7
2021-05-13,10.5,8.7,11.8,88.0,12.0,27.8,1006.3
2021-05-14,9.6,7.3,12.1,29.0,11.9,25.9,1008.9
2021-05-16,10.2,7.3,12.8,216.0,12.0,29.6,998.3
2021-05-17,10.8,7.7,13.8,294.0,12.5,27.8,1004.6
2021-05-18,10.2,6.1,13.8,255.0,12.1,29.6,1013.0
2021-05-19,10.5,7.6,14.0,287.0,12.5,31.5,1017.4
2021-05-20,9.8,5.5,12.7,207.0,19.8,55.5,1013.8
2021-05-20,9.8,5.5,12.7,207.0,19.8,55.5,1013.8
2021-05-21,10.7,9.5,12.8,231.0,36.7,68.5,997.0
2021-05-22,10.3,8.0,12.5,278.0,16.7,38.9,1002.4
2021-05-24,9.5,7.4,11.6,224.0,15.1,33.3,1003.1
2021-05-25,9.8,5.9,13.6,274.0,18.6,42.6,1013.1
2021-05-26,9.9,5.6,13.5,297.0,13.5,31.5,1014.6
2021-05-27,12.6,6.7,17.9,277.0,8.4,20.4,1020.2
2021-05-29,13.9,9.8,18.6,74.0,10.6,25.9,1026.8
2021-05-30,12.7,7.3,18.5,63.0,12.1,27.8,1027.8
2021-05-31,15.2,8.0,22.3,82.0,12.4,31.5,1021.9
2021-06-01,17.4,10.9,23.8,87.0,14.3,35.2,1015.8
2021-06-03,18.6,15.1,23.0,239.0,11.4,27.8,1018.1
2021-06-04,14.1,12.1,16.3,344.0,12.1,25.9,1022.6
2021-06-05,15.7,10.1,21.2,304.0,9.8,24.1,1024.3
2021-06-05,15.7,10.1,21.2,304.0,9.8,24.1,1024.3
2021-06-06,16.0,11.1,20.4,239.0,8.3,20.4,1024.6
2021-06-07,17.3,13.0,21.9,201.0,9.0,24.1,1023.9
2021-06-08,17.1,11.6,22.7,248.0,9.0,24.1,1023.4
2021-06-08,17.1,11.6,22.7,248.0,9.0,24.1,1023.4
2021-06-10,18.1,13.4,22.7,238.0,13.8,31.5,1020.6
2021-06-11,18.6,14.4,22.7,246.0,16.1,35.2,1019.5
2021-06-13,19.3,12.7,26.1,235.0,8.4,24.1,1026.1
2021-06-14,20.6,14.0,26.8,269.0,11.7,27.8,1020.8
2021-06-15,18.0,13.9,22.9,66.0,12.1,27.8,1020.7
2021-06-20,14.6,12.3,17.6,53.0,11.6,27.8,1008.8
2021-06-21,11.5,10.7,12.6,33.0,19.3,37.0,1012.4
2021-06-21,11.5,10.7,12.6,33.0,19.3,37.0,1012.4
2021-06-29,14.7,13.1,16.5,13.0,14.8,29.6,1015.2
2021-07-05,15.8,13.0,19.2,211.0,14.5,31.5,1005.4
2021-07-06,15.3,13.2,17.8,213.0,20.2,48.2,999.8
2021-07-08,16.5,13.0,20.3,223.0,10.7,24.1,1019.0
2021-07-12,16.1,14.0,18.8,59.0,8.6,18.5,1011.2
2021-07-14,17.8,13.4,22.5,328.0,15.9,35.2,1017.9
2021-07-17,20.0,13.6,26.5,29.0,11.8,24.1,1028.2
2021-08-16,14.9,12.4,16.9,300.0,17.5,38.9,1016.2
2021-08-18,16.8,13.7,20.1,277.0,15.5,33.3,1017.2
2021-08-18,16.8,13.7,20.1,277.0,15.5,33.3,1017.2
2021-08-19,16.0,12.6,19.6,253.0,13.3,27.8,1014.3
2021-08-20,17.4,13.6,21.4,240.0,10.5,24.1,1015.8
2021-08-21,16.7,14.9,18.4,176.0,9.3,22.2,1015.7
2021-08-26,15.1,12.7,17.1,354.0,17.1,35.2,1022.4
2021-08-27,14.2,11.1,17.9,1.0,13.6,27.8,1023.4
2021-08-28,14.4,10.5,18.9,7.0,15.4,35.2,1026.0
2021-08-28,14.4,10.5,18.9,7.0,15.4,35.2,1026.0
2021-08-29,14.2,10.5,18.2,2.0,13.1,31.5,1025.5
2021-08-30,14.6,12.3,17.7,11.0,17.8,35.2,1025.8
2021-08-31,14.8,12.4,18.4,17.0,16.6,33.3,1029.1
2021-09-01,14.4,11.1,18.2,21.0,14.7,29.6,1030.9
2021-09-02,15.1,12.3,18.5,33.0,15.5,31.5,1028.0
2021-09-03,15.7,11.4,20.7,55.0,11.8,25.9,1022.2
2021-09-04,15.6,12.2,20.0,60.0,11.9,24.1,1019.1
2021-09-05,17.6,12.9,23.1,80.0,10.7,22.2,1020.8
2021-09-06,19.6,13.5,25.9,114.0,7.3,18.5,1023.2
2021-09-07,21.5,16.5,27.8,123.0,9.8,27.8,1021.3
2021-09-08,21.0,16.3,26.8,100.0,12.3,33.3,1013.4
2021-09-09,18.6,15.7,21.5,201.0,12.0,29.6,1008.7
2021-09-10,18.0,16.5,20.3,213.0,12.9,31.5,1010.1
2021-09-11,17.3,14.7,21.0,254.0,14.6,33.3,1016.0
2021-09-12,15.5,11.5,19.5,318.0,8.1,18.5,1018.8
2021-09-12,15.5,11.5,19.5,318.0,8.1,18.5,1018.8
2021-09-13,15.6,13.0,18.8,86.0,11.2,27.8,1017.9
2021-09-15,15.8,13.4,18.9,327.0,11.0,25.9,1014.2
2021-09-15,15.8,13.4,18.9,327.0,11.0,25.9,1014.2
2021-09-16,16.0,11.1,20.9,242.0,8.9,24.1,1017.4
2021-09-17,16.0,12.4,20.0,196.0,10.7,27.8,1014.8
2021-09-17,16.0,12.4,20.0,196.0,10.7,27.8,1014.8
2021-09-19,15.5,14.1,17.7,343.0,7.2,20.4,1014.4
2021-09-20,14.5,11.4,18.0,343.0,13.9,31.5,1022.2
2021-10-22,7.9,4.8,12.0,267.0,14.4,40.8,1020.7
2021-10-23,8.2,4.2,12.2,209.0,9.3,25.9,1024.9
2021-10-24,11.0,8.5,13.4,183.0,13.1,33.3,1018.4
2021-10-24,11.0,8.5,13.4,183.0,13.1,33.3,1018.4
2021-10-25,11.2,9.0,14.0,223.0,11.9,31.5,1015.2
2021-10-26,11.6,8.1,15.3,223.0,14.7,38.9,1017.9
2021-10-27,14.1,12.7,16.1,215.0,20.8,48.2,1018.0
2021-10-28,13.0,11.5,15.0,186.0,17.9,37.0,1009.4
2021-10-29,12.6,9.7,14.0,192.0,19.9,46.3,999.0
2021-10-30,10.8,8.3,13.0,195.0,13.7,33.3,997.4
2021-10-31,10.5,7.9,12.6,192.0,21.2,51.8,994.1
2021-11-01,9.3,5.9,12.3,230.0,18.1,42.6,994.4
2021-11-01,9.3,5.9,12.3,230.0,18.1,42.6,994.4
2021-11-02,6.1,2.7,10.2,267.0,6.5,16.7,999.0
2021-11-03,5.4,2.6,8.3,330.0,11.0,27.8,1004.4
2021-11-04,5.7,3.2,8.0,330.0,19.7,42.6,1014.5
2021-11-04,5.7,3.2,8.0,330.0,19.7,42.6,1014.5
2021-11-05,5.0,1.2,8.5,271.0,10.0,22.2,1026.1
2021-11-06,9.3,6.3,11.3,239.0,18.5,44.5,1024.9
2021-11-06,9.3,6.3,11.3,239.0,18.5,44.5,1024.9
2021-11-07,8.6,5.7,10.9,285.0,16.9,42.6,1021.3
2021-11-08,7.6,4.3,10.2,235.0,9.3,20.4,1023.7
2021-11-09,11.5,10.2,13.6,217.0,11.4,27.8,1023.3
2021-11-10,11.3,10.3,13.2,222.0,8.7,20.4,1023.0
2021-11-11,10.5,9.1,12.5,206.0,8.6,20.4,1022.8
2021-11-12,11.0,8.9,13.0,212.0,18.3,37.0,1012.1
2021-11-12,11.0,8.9,13.0,212.0,18.3,37.0,1012.1
2021-11-15,7.9,6.0,10.3,6.0,6.1,16.7,1027.2
2021-11-16,7.2,5.0,9.6,243.0,7.0,18.5,1023.0
2021-11-16,7.2,5.0,9.6,243.0,7.0,18.5,1023.0
2021-11-17,7.4,5.7,9.8,268.0,10.4,24.1,1023.9
2021-11-18,8.9,5.4,12.5,246.0,12.7,27.8,1028.9
2021-11-20,9.0,7.2,10.7,244.0,8.4,20.4,1024.2
2021-11-20,9.0,7.2,10.7,244.0,8.4,20.4,1024.2
2021-11-21,5.0,3.0,7.4,340.0,18.1,40.8,1019.6
2021-11-22,4.6,2.6,7.9,8.0,14.5,31.5,1029.9
2021-11-23,3.9,2.1,7.2,342.0,6.9,18.5,1032.5
2021-11-24,4.1,3.0,5.8,275.0,5.1,14.8,1022.3
2021-11-24,4.1,3.0,5.8,275.0,5.1,14.8,1022.3
2021-11-25,2.9,0.9,4.7,326.0,13.0,29.6,1016.6
2021-11-26,3.6,0.8,6.8,271.0,21.1,44.5,996.4
2021-11-28,0.2,-1.3,2.0,320.0,20.1,53.7,1006.8
2021-11-29,0.5,-1.9,3.7,288.0,12.9,27.8,1014.4
2021-12-01,6.9,2.5,9.7,296.0,25.4,48.2,998.7
2021-12-02,0.9,-1.0,3.0,308.0,16.6,38.9,1011.5
2021-12-03,4.7,-0.7,7.8,215.0,9.6,27.8,1004.6
2021-12-05,4.4,3.7,5.1,320.0,25.1,44.5,1006.1
2021-12-06,3.2,1.5,5.4,249.0,12.9,29.6,1010.0
2021-12-07,3.5,0.2,6.3,190.0,19.2,51.8,997.8
2021-12-08,5.1,4.4,6.4,231.0,25.3,46.3,990.8
2021-12-11,4.4,1.1,9.0,232.0,12.3,27.8,1015.3
2021-12-12,10.6,9.3,11.8,222.0,16.1,29.6,1019.5
2021-12-13,9.5,8.0,10.2,200.0,14.5,29.6,1023.3
2021-12-14,9.6,8.0,11.2,222.0,12.7,27.8,1026.6
2021-12-15,9.6,8.4,11.0,232.0,11.3,24.1,1030.8
2021-12-15,9.6,8.4,11.0,232.0,11.3,24.1,1030.8
2021-12-24,7.7,7.0,8.5,177.0,9.3,24.1,1004.7
2021-12-29,10.3,6.8,13.4,222.0,17.4,50.0,1004.4
2021-12-30,13.3,12.5,13.7,228.0,24.2,40.8,1012.6
2021-12-30,13.3,12.5,13.7,228.0,24.2,40.8,1012.6
2021-12-31,12.4,11.9,13.7,222.0,20.4,38.9,1016.5
2022-01-10,4.5,2.3,6.6,181.0,8.4,22.2,1018.6
2022-01-11,7.3,6.0,8.3,225.0,9.9,22.2,1030.0
2022-01-12,3.8,1.5,5.9,309.0,6.8,18.5,1040.7
2022-01-12,3.8,1.5,5.9,309.0,6.8,18.5,1040.7
2022-01-13,3.2,1.0,6.9,230.0,6.4,14.8,1041.5
2022-01-14,2.3,0.4,5.4,6.0,5.7,14.8,1036.3
2022-01-17,3.0,0.7,6.9,284.0,7.9,20.4,1037.6
2022-01-18,2.4,0.4,5.3,185.0,6.2,14.8,1037.4
2022-01-19,4.3,2.3,7.5,265.0,12.3,29.6,1028.0
2022-01-20,1.6,-0.6,3.9,328.0,12.3,27.8,1035.9
2022-01-21,1.4,-1.6,4.7,296.0,10.4,24.1,1039.1
2022-01-22,2.7,0.6,6.0,289.0,9.4,20.4,1037.8
2022-01-23,2.5,1.2,4.3,183.0,5.3,14.8,1035.5
2022-01-24,2.4,0.6,4.6,89.0,5.6,14.8,1033.9
2022-01-25,0.7,-0.4,2.7,319.0,5.9,14.8,1034.6
2022-01-26,2.8,0.0,5.8,250.0,12.3,27.8,1033.0
2022-01-27,6.6,4.1,10.0,272.0,15.9,33.3,1028.6
2022-01-27,6.6,4.1,10.0,272.0,15.9,33.3,1028.6
2022-01-28,5.1,2.0,7.8,247.0,12.0,29.6,1034.2
2022-01-29,9.5,5.5,12.1,274.0,24.6,55.5,1028.5
2022-01-30,4.5,1.6,6.7,261.0,12.0,37.0,1030.1
2022-01-31,5.1,3.0,6.9,300.0,27.0,53.7,1023.4
2022-02-01,8.8,4.0,11.6,280.0,24.2,50.0,1021.8
2022-02-02,9.2,6.9,11.0,265.0,16.1,33.3,1022.4
2022-02-03,7.8,6.8,10.0,236.0,15.0,31.5,1014.5
2022-02-04,5.8,2.5,7.9,263.0,21.4,46.3,1011.3
2022-02-05,5.1,1.1,8.4,246.0,23.7,51.8,1018.5
2022-02-06,8.1,5.0,9.2,269.0,34.2,63.0,1008.0
2022-02-08,9.2,7.6,11.5,243.0,20.4,40.8,1026.6
2022-02-10,4.9,1.7,7.3,282.0,11.9,31.5,1022.6
2022-02-11,3.1,0.4,6.9,240.0,9.4,25.9,1031.6
2022-02-12,4.7,2.7,7.1,193.0,17.7,40.8,1022.2
2022-02-12,4.7,2.7,7.1,193.0,17.7,40.8,1022.2
2022-02-13,7.4,5.8,9.0,193.0,24.2,50.0,1002.1
2022-02-14,6.8,4.5,8.5,259.0,20.9,42.6,999.0
2022-02-14,6.8,4.5,8.5,259.0,20.9,42.6,999.0
2022-02-14,6.8,4.5,8.5,259.0,20.9,42.6,999.0
2022-02-14,6.8,4.5,8.5,259.0,20.9,42.6,999.0
2022-02-15,6.0,2.2,8.7,234.0,18.6,42.6,1006.9
2022-02-17,8.1,6.4,10.0,260.0,27.5,55.5,1007.6
2022-02-18,7.2,3.0,10.0,232.0,38.9,98.2,997.3
2022-02-19,4.5,2.0,7.0,246.0,24.1,51.8,1009.8
2022-02-20,9.0,5.2,11.4,245.0,34.3,64.8,1004.1
2022-02-22,7.7,4.5,11.9,253.0,19.6,50.0,1018.6
2022-02-23,6.3,2.8,9.5,224.0,17.1,40.8,1021.2
2022-02-23,6.3,2.8,9.5,224.0,17.1,40.8,1021.2
2022-02-24,5.5,2.4,7.3,253.0,24.9,53.7,1011.6
2022-02-24,5.5,2.4,7.3,253.0,24.9,53.7,1011.6
2022-02-25,5.2,2.7,9.3,273.0,18.8,40.8,1025.3
2022-02-26,4.9,1.7,9.3,163.0,13.0,31.5,1030.2
2022-02-27,4.5,1.6,8.4,139.0,17.0,35.2,1025.2
2022-02-27,4.5,1.6,8.4,139.0,17.0,35.2,1025.2
2022-02-28,7.9,4.5,10.8,176.0,15.3,31.5,1024.2
2022-03-01,7.5,6.5,9.0,48.0,12.7,25.9,1025.3
2022-03-01,7.5,6.5,9.0,48.0,12.7,25.9,1025.3
2022-03-02,5.9,4.9,6.5,110.0,13.9,25.9,1021.0
2022-03-03,7.6,4.5,10.9,133.0,10.5,24.1,1015.4
2022-03-04,6.5,3.9,8.1,327.0,10.5,24.1,1019.2
2022-03-05,4.2,3.2,5.7,356.0,20.3,40.8,1023.7
2022-03-07,2.8,0.9,5.3,75.0,15.3,33.3,1024.7
2022-03-08,4.7,0.1,9.8,133.0,16.4,35.2,1015.4
2022-03-09,8.4,6.2,11.4,164.0,16.2,35.2,1016.7
2022-03-10,10.0,7.3,13.6,152.0,15.3,31.5,1016.1
2022-03-12,8.7,7.1,11.0,175.0,19.3,38.9,1008.5
2022-03-12,8.7,7.1,11.0,175.0,19.3,38.9,1008.5
2022-03-14,7.2,3.2,11.7,210.0,9.7,25.9,1023.1
2022-03-15,8.7,4.9,13.2,132.0,9.4,22.2,1022.1
2022-03-16,8.9,5.8,11.4,143.0,12.2,35.2,1018.3
2022-03-16,8.9,5.8,11.4,143.0,12.2,35.2,1018.3
2022-03-18,8.3,3.6,14.1,65.0,10.8,27.8,1041.7
2022-03-19,8.5,5.5,12.8,83.0,20.6,40.8,1037.7
2022-03-20,6.0,2.8,9.8,97.0,11.2,25.9,1028.7
2022-03-21,7.8,1.4,14.2,130.0,10.1,24.1,1028.4
2022-03-22,11.3,7.0,17.0,116.0,10.4,25.9,1028.9
2022-03-23,11.2,5.7,17.7,113.0,8.6,22.2,1030.1
2022-03-25,9.8,4.3,16.2,65.0,9.7,24.1,1031.6
2022-03-25,9.8,4.3,16.2,65.0,9.7,24.1,1031.6
2022-03-28,9.1,3.9,15.0,84.0,8.0,18.5,1023.3
2022-03-28,9.1,3.9,15.0,84.0,8.0,18.5,1023.3
2022-04-25,8.9,4.9,12.9,25.0,15.2,29.6,1015.9
2022-04-25,8.9,4.9,12.9,25.0,15.2,29.6,1015.9
2022-04-26,8.9,4.0,13.6,36.0,12.4,27.8,1022.1
2022-04-26,8.9,4.0,13.6,36.0,12.4,27.8,1022.1
2022-04-28,8.8,4.0,13.9,56.0,12.1,24.1,1030.9
2022-04-28,8.8,4.0,13.9,56.0,12.1,24.1,1030.9
2022-04-29,8.2,5.5,10.9,39.0,12.3,29.6,1032.0
2022-04-29,8.2,5.5,10.9,39.0,12.3,29.6,1032.0
2022-04-30,9.3,2.6,14.9,40.0,7.4,20.4,1029.6
2022-04-30,9.3,2.6,14.9,40.0,7.4,20.4,1029.6
2022-05-01,10.4,8.4,12.6,221.0,8.7,22.2,1023.8
2022-05-01,10.4,8.4,12.6,221.0,8.7,22.2,1023.8
2022-05-02,11.4,7.9,15.0,138.0,5.2,16.7,1021.2
2022-05-02,11.4,7.9,15.0,138.0,5.2,16.7,1021.2
2022-05-03,11.2,8.6,14.0,47.0,8.1,18.5,1021.2
2022-05-03,11.2,8.6,14.0,47.0,8.1,18.5,1021.2
2022-05-04,12.0,8.9,15.5,235.0,11.5,27.8,1019.2
2022-05-04,12.0,8.9,15.5,235.0,11.5,27.8,1019.2
2022-05-05,12.7,7.4,17.8,311.0,11.4,25.9,1023.6
2022-05-05,12.7,7.4,17.8,311.0,11.4,25.9,1023.6
2022-05-06,14.4,9.2,19.6,251.0,12.1,31.5,1025.1
2022-05-06,14.4,9.2,19.6,251.0,12.1,31.5,1025.1
2022-05-07,13.5,10.7,16.9,1.0,11.5,25.9,1025.6
2022-05-07,13.5,10.7,16.9,1.0,11.5,25.9,1025.6
2022-05-08,11.9,7.9,16.9,77.0,11.3,24.1,1028.9
2022-05-08,11.9,7.9,16.9,77.0,11.3,24.1,1028.9
2022-05-10,15.2,12.7,18.7,231.0,17.7,40.8,1015.0
2022-05-10,15.2,12.7,18.7,231.0,17.7,40.8,1015.0
2022-05-11,12.6,10.0,14.7,231.0,17.2,42.6,1010.5
2022-05-11,12.6,10.0,14.7,231.0,17.2,42.6,1010.5
2022-05-12,12.0,6.9,16.3,250.0,15.9,37.0,1017.9
2022-05-12,12.0,6.9,16.3,250.0,15.9,37.0,1017.9
2022-05-13,13.4,8.8,18.3,251.0,19.7,40.8,1019.5
2022-05-13,13.4,8.8,18.3,251.0,19.7,40.8,1019.5
2022-05-14,14.0,7.7,19.9,212.0,9.1,22.2,1020.9
2022-05-14,14.0,7.7,19.9,212.0,9.1,22.2,1020.9
2022-05-15,15.7,11.7,19.4,96.0,13.5,31.5,1015.5
2022-05-15,15.7,11.7,19.4,96.0,13.5,31.5,1015.5
2022-05-15,15.7,11.7,19.4,96.0,13.5,31.5,1015.5
2022-05-16,16.5,13.6,20.0,210.0,15.8,40.8,1014.1
2022-05-16,16.5,13.6,20.0,210.0,15.8,40.8,1014.1
2022-05-17,17.5,11.2,23.3,172.0,10.7,29.6,1017.6
2022-05-17,17.5,11.2,23.3,172.0,10.7,29.6,1017.6
2022-05-18,16.0,10.7,20.5,195.0,10.9,27.8,1019.1
2022-05-18,16.0,10.7,20.5,195.0,10.9,27.8,1019.1
2022-05-19,16.1,13.0,19.9,257.0,11.2,27.8,1018.3
2022-05-19,16.1,13.0,19.9,257.0,11.2,27.8,1018.3
2022-05-20,13.0,10.7,15.8,239.0,11.8,33.3,1018.9
2022-05-20,13.0,10.7,15.8,239.0,11.8,33.3,1018.9
2022-05-20,13.0,10.7,15.8,239.0,11.8,33.3,1018.9
2022-05-21,13.3,8.7,17.6,250.0,13.9,29.6,1020.7
2022-05-21,13.3,8.7,17.6,250.0,13.9,29.6,1020.7
2022-05-21,13.3,8.7,17.6,250.0,13.9,29.6,1020.7
2022-05-22,15.3,8.7,20.9,202.0,8.3,24.1,1014.0
2022-05-22,15.3,8.7,20.9,202.0,8.3,24.1,1014.0
2022-05-22,15.3,8.7,20.9,202.0,8.3,24.1,1014.0
2022-05-23,13.7,10.5,16.0,268.0,10.0,27.8,1002.9
2022-05-23,13.7,10.5,16.0,268.0,10.0,27.8,1002.9
2022-05-23,13.7,10.5,16.0,268.0,10.0,27.8,1002.9
2022-05-24,11.9,8.8,14.7,261.0,16.9,35.2,1005.6
2022-05-24,11.9,8.8,14.7,261.0,16.9,35.2,1005.6
2022-05-25,12.5,8.1,16.1,240.0,20.3,46.3,1012.9
2022-05-25,12.5,8.1,16.1,240.0,20.3,46.3,1012.9
2022-05-26,14.5,9.6,19.0,260.0,19.2,40.8,1020.8
2022-05-26,14.5,9.6,19.0,260.0,19.2,40.8,1020.8
2022-05-27,14.8,11.6,18.7,289.0,16.1,31.5,1024.9
2022-05-27,14.8,11.6,18.7,289.0,16.1,31.5,1024.9
2022-05-27,14.8,11.6,18.7,289.0,16.1,31.5,1024.9
2022-05-27,14.8,11.6,18.7,289.0,16.1,31.5,1024.9
2022-05-28,13.2,9.1,17.2,347.0,13.2,29.6,1026.3
2022-05-28,13.2,9.1,17.2,347.0,13.2,29.6,1026.3
2022-05-29,12.1,8.8,15.8,8.0,14.8,29.6,1022.4
2022-05-29,12.1,8.8,15.8,8.0,14.8,29.6,1022.4
2022-05-30,11.4,8.5,14.2,24.0,16.5,33.3,1018.4
2022-05-30,11.4,8.5,14.2,24.0,16.5,33.3,1018.4
2022-05-31,11.9,8.4,15.3,5.0,16.1,31.5,1018.3
2022-05-31,11.9,8.4,15.3,5.0,16.1,31.5,1018.3
2022-06-01,12.3,8.9,15.4,320.0,16.4,33.3,1018.2
2022-06-01,12.3,8.9,15.4,320.0,16.4,33.3,1018.2
2022-06-02,12.607692307692307,9.0,15.923076923076923,309.46153846153845,15.853846153846153,32.730769230769226,1018.4461538461538
2022-06-02,12.607692307692307,9.0,15.923076923076923,309.46153846153845,15.853846153846153,32.730769230769226,1018.4461538461538
2022-06-03,12.915384615384616,9.1,16.446153846153848,298.9230769230769,15.307692307692308,32.161538461538456,1018.6923076923076
2022-06-03,12.915384615384616,9.1,16.446153846153848,298.9230769230769,15.307692307692308,32.161538461538456,1018.6923076923076
2022-06-04,13.223076923076924,9.2,16.96923076923077,288.38461538461536,14.76153846153846,31.59230769230769,1018.9384615384616
2022-06-04,13.223076923076924,9.2,16.96923076923077,288.38461538461536,14.76153846153846,31.59230769230769,1018.9384615384616
2022-06-04,13.223076923076924,9.2,16.96923076923077,288.38461538461536,14.76153846153846,31.59230769230769,1018.9384615384616
2022-06-04,13.223076923076924,9.2,16.96923076923077,288.38461538461536,14.76153846153846,31.59230769230769,1018.9384615384616
2022-06-05,13.53076923076923,9.3,17.49230769230769,277.84615384615387,14.215384615384616,31.02307692307692,1019.1846153846154
2022-06-05,13.53076923076923,9.3,17.49230769230769,277.84615384615387,14.215384615384616,31.02307692307692,1019.1846153846154
2022-06-06,13.83846153846154,9.4,18.01538461538461,267.3076923076923,13.669230769230769,30.45384615384615,1019.4307692307692
2022-06-06,13.83846153846154,9.4,18.01538461538461,267.3076923076923,13.669230769230769,30.45384615384615,1019.4307692307692
2022-06-07,14.146153846153847,9.5,18.53846153846154,256.7692307692308,13.123076923076924,29.884615384615383,1019.6769230769232
2022-06-07,14.146153846153847,9.5,18.53846153846154,256.7692307692308,13.123076923076924,29.884615384615383,1019.6769230769232
2022-06-08,14.453846153846154,9.6,19.06153846153846,246.23076923076923,12.576923076923077,29.31538461538461,1019.9230769230768
2022-06-08,14.453846153846154,9.6,19.06153846153846,246.23076923076923,12.576923076923077,29.31538461538461,1019.9230769230768
2022-06-09,14.761538461538462,9.7,19.584615384615383,235.69230769230768,12.03076923076923,28.746153846153845,1020.1692307692308
2022-06-10,15.06923076923077,9.8,20.107692307692307,225.15384615384613,11.484615384615385,28.176923076923075,1020.4153846153846
2022-06-11,15.376923076923076,9.9,20.630769230769232,214.6153846153846,10.93846153846154,27.607692307692304,1020.6615384615384
2022-06-12,15.684615384615384,10.0,21.15384615384616,204.07692307692307,10.392307692307693,27.038461538461537,1020.9076923076924
2022-06-12,15.684615384615384,10.0,21.15384615384616,204.07692307692307,10.392307692307693,27.038461538461537,1020.9076923076924
2022-06-13,15.992307692307692,10.1,21.676923076923075,193.53846153846155,9.846153846153848,26.46923076923077,1021.1538461538462
2022-06-13,15.992307692307692,10.1,21.676923076923075,193.53846153846155,9.846153846153848,26.46923076923077,1021.1538461538462
2022-06-14,16.3,10.2,22.2,183.0,9.3,25.9,1021.4
2022-06-14,16.3,10.2,22.2,183.0,9.3,25.9,1021.4
2022-06-14,16.3,10.2,22.2,183.0,9.3,25.9,1021.4
2022-06-15,18.1,10.6,25.0,144.0,8.5,22.2,1018.7
2022-06-16,19.7,12.3,26.4,212.0,8.9,25.9,1021.4
2022-06-16,19.7,12.3,26.4,212.0,8.9,25.9,1021.4
2022-06-17,22.8,14.6,30.2,211.0,16.0,42.6,1019.8
2022-06-17,22.8,14.6,30.2,211.0,16.0,42.6,1019.8
2022-06-18,18.5,13.2,22.5,6.0,14.9,38.9,1017.6
2022-06-18,18.5,13.2,22.5,6.0,14.9,38.9,1017.6
2022-06-19,13.7,10.5,17.4,18.0,17.1,35.2,1014.9
2022-06-19,13.7,10.5,17.4,18.0,17.1,35.2,1014.9
2022-06-20,14.5,9.5,19.6,38.0,13.4,29.6,1018.6
2022-06-20,14.5,9.5,19.6,38.0,13.4,29.6,1018.6
2022-06-21,16.0,9.6,22.1,112.0,7.3,24.1,1015.3
2022-06-23,17.8,11.6,23.1,80.0,9.7,24.1,1009.9
2022-06-23,17.8,11.6,23.1,80.0,9.7,24.1,1009.9
2022-06-23,17.8,11.6,23.1,80.0,9.7,24.1,1009.9
2022-06-23,17.8,11.6,23.1,80.0,9.7,24.1,1009.9
2022-06-24,17.5,14.0,21.4,207.0,17.2,40.8,1005.1
2022-06-24,17.5,14.0,21.4,207.0,17.2,40.8,1005.1
2022-06-25,15.3,12.4,18.0,198.0,16.8,35.2,1007.5
2022-06-25,15.3,12.4,18.0,198.0,16.8,35.2,1007.5
2022-06-26,15.1,10.6,19.4,197.0,16.4,40.8,1011.9
2022-06-27,14.6,10.5,18.1,222.0,14.7,38.9,1015.8
2022-06-27,14.6,10.5,18.1,222.0,14.7,38.9,1015.8
2022-06-28,14.8,9.5,19.3,197.0,14.2,37.0,1017.8
2022-06-28,14.8,9.5,19.3,197.0,14.2,37.0,1017.8
2022-06-29,16.0,13.0,19.9,184.0,13.7,33.3,1012.2
2022-06-29,16.0,13.0,19.9,184.0,13.7,33.3,1012.2
2022-07-01,14.5,9.6,19.4,237.0,16.0,40.8,1016.3
2022-07-01,14.5,9.6,19.4,237.0,16.0,40.8,1016.3
2022-07-02,15.1,10.9,18.8,218.0,16.3,37.0,1018.5
2022-07-02,15.1,10.9,18.8,218.0,16.3,37.0,1018.5
2022-07-03,15.1,9.8,20.0,262.0,11.6,27.8,1019.3
2022-07-03,15.1,9.8,20.0,262.0,11.6,27.8,1019.3
2022-07-03,15.1,9.8,20.0,262.0,11.6,27.8,1019.3
2022-07-03,15.1,9.8,20.0,262.0,11.6,27.8,1019.3
2022-07-04,16.0,10.0,21.2,279.0,12.3,33.3,1021.1
2022-07-04,16.0,10.0,21.2,279.0,12.3,33.3,1021.1
2022-07-05,15.5,10.5,20.0,308.0,12.3,31.5,1024.8
2022-07-05,15.5,10.5,20.0,308.0,12.3,31.5,1024.8
2022-07-06,17.1,10.5,23.1,296.0,13.8,33.3,1026.6
2022-07-06,17.1,10.5,23.1,296.0,13.8,33.3,1026.6
2022-07-07,18.2,14.1,23.5,340.0,15.7,33.3,1028.1
2022-07-07,18.2,14.1,23.5,340.0,15.7,33.3,1028.1
2022-07-07,18.2,14.1,23.5,340.0,15.7,33.3,1028.1
2022-07-08,19.7,13.0,26.5,324.0,10.7,27.8,1031.7
2022-07-08,19.7,13.0,26.5,324.0,10.7,27.8,1031.7
2022-07-09,19.2,14.0,24.8,351.0,13.7,29.6,1030.1
2022-07-09,19.2,14.0,24.8,351.0,13.7,29.6,1030.1
2022-07-10,20.3,13.2,27.5,220.0,8.3,24.1,1027.0
2022-07-11,22.8,15.2,30.0,197.0,9.6,25.9,1023.4
2022-07-11,22.8,15.2,30.0,197.0,9.6,25.9,1023.4
2022-07-12,23.7,17.9,29.8,204.0,11.1,31.5,1022.2
2022-07-13,21.7,17.2,27.0,314.0,11.5,27.8,1021.6
2022-07-14,18.6,13.7,24.0,353.0,14.8,37.0,1022.5
2022-07-14,18.6,13.7,24.0,353.0,14.8,37.0,1022.5
2022-07-15,18.2,11.5,24.4,306.0,10.3,29.6,1023.6
2022-07-15,18.2,11.5,24.4,306.0,10.3,29.6,1023.6
2022-07-16,19.2,12.3,26.1,315.0,9.7,27.8,1024.8
2022-07-20,21.0,17.7,25.2,245.0,15.6,33.3,1015.5
2022-07-21,19.0,15.5,23.2,5.0,11.2,24.1,1021.1
2022-07-25,19.4,16.0,23.3,253.0,20.2,44.5,1010.1
2022-07-26,16.1,13.1,19.4,356.0,10.3,24.1,1019.0
2022-07-27,16.5,12.4,20.8,123.0,9.7,25.9,1020.6
2022-07-28,17.2,13.5,21.7,95.0,12.1,29.6,1017.6
2022-08-01,19.4,15.5,24.3,313.0,9.2,24.1,1018.2
2022-08-02,21.4,17.0,26.9,233.0,18.8,42.6,1015.1
2022-08-06,16.1,9.5,23.0,353.0,10.2,25.9,1028.4
2022-08-07,18.7,11.7,25.7,8.0,7.3,24.1,1026.2
2022-08-08,19.8,12.9,26.9,44.0,9.0,27.8,1026.6
2022-08-09,20.4,14.3,27.7,64.0,10.6,29.6,1028.8
2022-08-10,21.2,13.8,29.1,70.0,11.7,29.6,1025.9
2022-08-11,22.9,15.2,31.6,65.0,12.6,31.5,1022.0
2022-08-12,23.7,16.1,32.3,68.0,13.9,33.3,1018.6
2022-08-13,24.3,16.8,32.8,83.0,13.7,33.3,1014.4
2022-08-13,24.3,16.8,32.8,83.0,13.7,33.3,1014.4
2022-08-15,22.4,17.5,27.2,219.0,10.6,27.8,1002.9
2022-08-16,19.4,16.8,22.1,217.0,8.8,20.4,1007.4
2022-08-17,18.3,15.7,21.7,28.0,13.3,29.6,1012.1
2022-08-18,19.3,15.1,24.2,290.0,11.7,29.6,1014.4
2022-08-19,19.4,15.1,23.4,265.0,14.6,33.3,1014.4
2022-08-20,17.1,11.3,22.5,246.0,14.7,37.0,1017.4
2022-08-23,20.3,17.4,24.0,218.0,12.7,29.6,1013.7
2022-08-24,21.5,17.8,26.7,203.0,11.9,27.8,1016.2
2022-08-25,18.2,14.6,20.2,355.0,9.7,27.8,1017.3
2022-08-26,16.9,11.8,22.0,321.0,7.2,20.4,1019.4
2022-08-27,17.5,13.4,22.1,61.0,7.9,22.2,1019.3
2022-08-28,16.8,12.3,21.9,63.0,11.7,27.8,1022.0
2022-08-29,16.3,12.4,20.8,48.0,13.7,29.6,1023.0
2022-09-07,16.9,14.8,20.0,185.0,13.4,31.5,1008.7
2022-09-07,16.9,14.8,20.0,185.0,13.4,31.5,1008.7
2022-09-08,15.8,14.1,18.4,185.0,13.0,33.3,1004.4
2022-09-09,15.1,12.7,18.1,279.0,13.3,31.5,1005.7
2022-09-10,15.8,12.2,19.8,322.0,11.3,25.9,1015.0
2022-09-25,11.3,7.7,15.2,320.0,12.3,27.8,1018.5
2022-09-25,11.3,7.7,15.2,320.0,12.3,27.8,1018.5
2022-09-28,9.2,5.7,13.5,304.0,11.1,27.8,1000.5
2022-09-29,10.0,6.1,15.0,323.0,6.8,20.4,1004.0
2022-09-30,11.1,6.4,14.6,237.0,16.4,48.2,1006.0
2022-10-01,14.1,11.6,17.7,260.0,19.9,44.5,1006.9
2022-10-03,11.8,8.2,16.3,175.0,6.9,22.2,1025.6
2022-10-04,15.0,12.1,17.8,207.0,17.5,44.5,1017.2
2022-10-05,15.1,10.7,18.5,228.0,24.5,53.7,1012.5
2022-10-06,12.2,7.4,17.1,235.0,16.3,42.6,1026.7
2022-10-07,13.7,11.2,17.4,230.0,19.2,50.0,1019.9
2022-10-08,10.7,6.9,15.4,256.0,10.4,25.9,1022.7
2022-10-09,11.2,7.3,16.0,167.0,10.3,29.6,1018.3
2022-10-10,11.6,7.8,14.8,313.0,11.0,33.3,1017.4
2022-10-11,9.1,4.7,14.6,253.0,4.9,14.8,1026.9
2022-10-12,11.0,6.5,15.6,199.0,9.9,31.5,1021.4
2022-10-12,11.0,6.5,15.6,199.0,9.9,31.5,1021.4
2022-10-13,12.9,10.7,16.4,250.0,7.1,22.2,1016.2
2022-10-14,11.6,10.0,13.8,217.0,8.4,22.2,1010.4
2022-10-15,12.2,9.6,15.6,217.0,16.4,46.3,1004.1
2022-10-18,11.8,8.1,16.8,55.0,8.1,22.2,1027.5
2022-10-19,13.4,11.0,15.5,85.0,19.6,48.2,1020.2
2022-10-20,14.1,11.5,15.6,165.0,9.1,27.8,1007.4
2022-10-21,14.4,11.3,16.9,165.0,15.8,42.6,1002.3
2022-10-22,14.3,11.9,16.7,200.0,13.8,33.3,1008.6
2022-10-23,14.6,13.6,15.8,151.0,14.9,29.6,1002.3
2022-10-24,13.4,11.6,16.0,228.0,19.2,42.6,1002.1
2022-10-25,13.1,10.5,16.1,192.0,13.0,27.8,1011.1
2022-10-26,15.6,13.6,17.9,193.0,17.6,44.5,1010.8
2022-10-27,15.8,13.2,18.9,166.0,12.4,31.5,1014.7
2022-10-28,15.2,11.4,17.0,195.0,13.9,38.9,1015.1
2022-10-29,15.4,11.3,19.2,152.0,11.4,27.8,1014.0
2022-10-30,13.6,11.4,15.1,193.0,13.5,35.2,1014.6
2022-11-01,12.5,10.2,13.7,221.0,27.9,53.7,1005.5
2022-11-02,11.2,7.8,13.7,216.0,23.4,51.8,1012.7
2022-11-03,10.1,7.3,12.4,212.0,11.3,38.9,1001.3
2022-11-04,7.7,5.9,10.7,324.0,13.4,29.6,1010.1
2022-11-05,9.0,5.0,12.4,211.0,14.4,33.3,1013.6
2022-11-06,11.7,9.9,12.6,211.0,15.4,33.3,1003.2
2022-11-07,12.1,9.9,13.6,206.0,21.1,44.5,1003.5
2022-11-08,12.4,10.8,13.5,204.0,24.2,48.2,998.0
2022-11-09,10.7,9.1,12.9,232.0,18.4,42.6,1006.4
2022-11-10,11.9,9.2,14.3,216.0,19.7,46.3,1019.9
2022-11-11,12.8,10.3,15.1,198.0,16.8,37.0,1025.8
2022-11-11,12.8,10.3,15.1,198.0,16.8,37.0,1025.8
2022-11-12,11.9,9.6,15.4,143.0,9.7,22.2,1026.6
2022-11-13,11.8,9.9,15.0,121.0,9.9,20.4,1019.4
2022-11-14,11.2,9.7,13.7,165.0,8.3,22.2,1008.6
2022-11-15,10.5,8.4,11.7,181.0,16.9,37.0,996.7
2022-11-16,9.3,7.9,10.8,162.0,14.8,33.3,989.4
2022-11-17,9.1,7.9,10.2,270.0,25.9,48.2,983.4
2022-11-18,8.0,5.7,10.4,268.0,17.4,37.0,1000.6
2022-11-19,6.0,4.4,8.3,299.0,10.6,24.1,1012.5
2022-11-20,6.7,4.3,9.4,241.0,13.4,35.2,1008.5
2022-11-21,5.6,3.2,7.8,184.0,16.8,40.8,994.7
2022-11-22,5.8,4.3,8.2,249.0,15.0,38.9,988.9
2022-11-23,7.8,4.6,10.5,207.0,17.5,44.5,992.4
2022-11-29,5.7,4.7,6.8,11.0,7.2,20.4,1020.1
2022-11-30,5.6,4.2,7.9,44.0,5.4,13.0,1025.8
2022-12-01,4.4,3.5,6.0,10.0,8.3,18.5,1029.4
2022-12-02,4.3,3.4,5.9,20.0,12.7,27.8,1025.9
2022-12-03,4.1,3.5,5.2,38.0,16.7,29.6,1021.1
2022-12-05,4.6,3.3,6.1,19.0,12.9,24.1,1022.5
2022-12-07,1.0,-1.2,2.9,322.0,10.4,22.2,1021.3
2022-12-11,-2.4,-3.6,-1.1,30.0,7.4,22.2,1008.3
2022-12-11,-2.4,-3.6,-1.1,30.0,7.4,22.2,1008.3
2022-12-12,-1.0,-1.8,-0.2,59.0,8.2,22.2,1009.3
2022-12-13,-1.8,-3.5,0.0,72.0,9.0,20.4,1007.7
2022-12-14,-1.9,-3.5,-0.8,9.0,12.5,25.9,1006.2
2022-12-15,-3.3,-5.6,-0.8,342.0,8.9,22.2,1011.6
2022-12-16,-2.6,-4.3,0.2,306.0,7.8,20.4,1018.4
2022-12-17,-0.6,-2.9,2.5,176.0,8.8,22.2,1022.5
2022-12-18,1.3,-1.9,7.4,146.0,16.4,37.0,1016.9
2022-12-20,9.5,5.1,12.0,217.0,15.7,44.5,1007.4
2023-01-02,5.6,2.6,7.6,235.0,9.0,22.2,1016.7
2023-01-03,8.0,3.4,11.7,191.0,20.9,48.2,1018.6
2023-01-04,11.5,9.8,12.8,246.0,30.0,53.7,1014.5
2023-01-05,10.1,8.6,11.5,231.0,19.0,42.6,1018.7
2023-01-07,9.5,7.3,10.5,198.0,25.8,48.2,1001.0
2023-01-08,6.8,5.1,7.7,206.0,18.7,40.8,993.3
2023-01-09,5.2,3.8,7.1,264.0,20.4,42.6,1001.0
2023-01-10,7.9,3.4,11.9,212.0,21.7,50.0,1008.4
2023-01-10,7.9,3.4,11.9,212.0,21.7,50.0,1008.4
2023-01-11,8.2,6.7,9.8,241.0,25.4,50.0,1008.4
2023-01-12,9.9,6.9,11.2,241.0,31.5,63.0,1003.2
2023-01-13,6.8,5.4,9.0,251.0,27.5,51.8,1008.3
2023-01-14,8.2,4.5,11.0,232.0,26.4,51.8,1000.4
2023-01-15,4.2,2.9,6.6,239.0,21.2,44.5,998.0
2023-01-16,1.6,-2.4,3.2,340.0,17.4,42.6,986.5
2023-01-17,-2.1,-3.9,0.4,311.0,6.1,16.7,989.7
2023-01-18,-0.5,-3.0,2.6,270.0,13.1,29.6,998.4
2023-01-19,-0.4,-2.3,2.4,274.0,9.4,22.2,1008.2
2023-01-20,1.4,-0.4,4.6,306.0,14.8,29.6,1019.0
2023-01-21,0.6,-1.8,4.6,31.0,6.8,20.4,1032.6
2023-01-22,-0.9,-2.3,1.8,1.0,4.0,13.0,1035.8
2023-01-23,-1.3,-4.2,1.9,1.0,5.8,16.7,1037.9
2023-01-24,0.9,-0.9,3.5,12.0,6.5,16.7,1039.3
2023-01-25,1.4,-1.2,4.0,268.0,9.3,27.8,1033.3
2023-01-26,3.3,1.7,5.6,353.0,17.2,33.3,1030.2
2023-01-27,3.3,0.8,5.7,7.0,13.4,29.6,1030.8
2023-01-28,2.4,0.2,5.3,294.0,7.2,18.5,1031.9
2023-01-29,4.5,1.2,7.5,243.0,14.0,29.6,1026.6
2023-01-30,6.1,3.4,8.1,277.0,16.4,35.2,1024.7
2023-02-01,6.0,3.7,8.8,263.0,21.5,42.6,1024.6
2023-02-02,7.5,5.1,10.5,260.0,20.0,40.8,1027.0
2023-02-03,8.8,6.3,11.3,266.0,18.2,33.3,1031.5
2023-02-04,6.9,5.5,9.4,261.0,9.9,22.2,1037.8
2023-02-05,4.4,1.8,6.8,349.0,11.3,25.9,1044.4
2023-02-06,2.5,-0.2,7.1,155.0,4.9,14.8,1042.2
2023-02-07,1.4,-0.6,5.2,143.0,5.1,14.8,1039.2
2023-02-08,1.1,-2.1,5.8,175.0,7.5,20.4,1035.1
2023-02-09,3.2,0.8,7.5,269.0,9.2,24.1,1033.0
2023-02-09,3.2,0.8,7.5,269.0,9.2,24.1,1033.0
2023-02-10,3.9,0.1,7.5,236.0,11.2,27.8,1036.7
2023-02-11,7.7,6.3,10.2,256.0,9.3,20.4,1036.7
2023-02-12,6.7,5.5,8.7,148.0,6.9,18.5,1037.5
2023-02-13,5.9,3.6,9.7,133.0,9.0,22.2,1034.5
2023-02-14,6.1,2.5,11.6,156.0,8.2,20.4,1030.9
2023-02-15,7.3,3.3,12.1,192.0,11.8,29.6,1023.7
2023-02-16,9.0,6.5,11.7,222.0,15.8,31.5,1020.1
2023-02-17,11.6,10.1,13.6,252.0,25.2,48.2,1021.2
2023-02-18,10.8,8.8,13.0,254.0,23.6,42.6,1021.1
2023-02-21,8.2,6.3,10.8,216.0,9.5,22.2,1018.1
2023-02-22,6.0,3.9,7.9,262.0,9.7,22.2,1012.1
2023-02-24,3.7,0.1,7.2,321.0,11.7,25.9,1014.1
2023-02-25,3.5,1.8,6.1,7.0,17.3,38.9,1017.7
2023-02-26,2.7,0.7,5.5,28.0,15.1,35.2,1027.3
2023-02-27,2.8,0.5,5.7,24.0,13.7,31.5,1031.9
2023-02-28,3.6,0.7,6.3,17.0,15.4,33.3,1032.6
2023-03-01,3.9,2.6,6.0,25.0,13.9,31.5,1029.5
2023-03-02,3.5,0.3,7.4,29.0,15.6,33.3,1026.2
2023-03-03,3.7,2.1,5.8,22.0,14.5,29.6,1029.1
2023-03-07,2.8,1.3,4.3,319.0,10.0,24.1,1000.0
2023-03-08,1.1,0.2,1.9,71.0,15.8,31.5,992.0
2023-03-09,4.8,1.5,8.1,109.0,10.9,25.9,991.9
2023-03-10,3.5,-0.4,7.6,353.0,19.6,53.7,997.9
2023-03-12,9.3,5.4,11.9,232.0,22.4,44.5,1005.7
2023-03-15,3.9,-0.3,6.8,205.0,11.7,31.5,1015.4
2023-03-18,9.4,8.0,10.9,195.0,10.0,22.2,1006.4
2023-03-20,9.6,6.8,12.0,220.0,16.1,31.5,1016.4
2023-03-21,10.7,8.6,13.5,214.0,20.8,44.5,1008.8
2023-03-22,11.1,9.7,13.4,216.0,24.8,42.6,1000.1
2023-03-23,10.1,7.5,12.8,217.0,24.0,50.0,997.4
2023-03-24,9.2,7.1,11.8,231.0,24.4,50.0,998.2
2023-03-25,9.6,7.2,12.9,246.0,25.6,51.8,1003.8
2023-03-27,5.0,1.7,8.6,328.0,8.5,18.5,1024.9
2023-03-29,10.7,7.6,13.8,204.0,16.1,37.0,1009.1
2023-03-30,11.7,9.7,14.0,226.0,23.8,46.3,1003.3
2023-03-31,10.0,9.4,10.6,236.0,24.5,48.2,989.5
2023-04-01,8.7,7.0,10.2,332.0,18.1,33.3,1005.6
2023-04-02,7.0,3.6,9.7,19.0,18.7,35.2,1025.1
2023-04-05,6.8,2.6,10.2,190.0,10.1,24.1,1021.3
2023-04-06,9.1,6.0,11.8,262.0,16.0,35.2,1014.1
2023-04-06,9.1,6.0,11.8,262.0,16.0,35.2,1014.1
2023-04-07,7.8,3.0,13.0,346.0,10.0,22.2,1020.8
2023-04-08,8.0,3.0,12.7,111.0,6.4,18.5,1025.6
2023-04-08,8.0,3.0,12.7,111.0,6.4,18.5,1025.6
2023-04-09,9.3,4.6,13.9,136.0,11.0,27.8,1021.9
2023-04-10,10.7,7.5,13.9,215.0,20.8,50.0,1010.7
2023-04-10,10.7,7.5,13.9,215.0,20.8,50.0,1010.7
2023-04-10,10.7,7.5,13.9,215.0,20.8,50.0,1010.7
2023-04-10,10.7,7.5,13.9,215.0,20.8,50.0,1010.7
2023-04-11,8.2,4.9,11.6,228.0,22.9,44.5,1009.3
2023-04-12,6.8,4.3,9.3,230.0,23.8,57.4,994.0
2023-04-13,7.8,4.5,11.7,257.0,22.1,42.6,1001.4
2023-04-13,7.8,4.5,11.7,257.0,22.1,42.6,1001.4
2023-04-14,6.6,3.9,9.1,138.0,12.4,31.5,1004.8
2023-04-19,9.3,6.0,13.4,59.0,19.8,38.9,1025.6
2023-04-20,8.1,3.4,13.3,37.0,20.5,44.5,1021.7
2023-04-21,6.6,4.7,9.2,55.0,11.4,27.8,1013.2
2023-04-24,7.7,5.3,10.4,329.0,12.0,25.9,1009.8
2023-04-25,5.9,1.5,9.8,28.0,11.1,24.1,1018.2
2023-04-26,7.5,3.9,10.7,125.0,10.7,25.9,1018.8
2023-04-27,8.9,5.5,11.9,117.0,14.3,33.3,1015.6
2023-04-28,12.9,9.7,17.2,270.0,14.5,33.3,1011.5
2023-04-29,11.5,5.7,16.6,96.0,7.3,22.2,1020.4
2023-04-30,11.5,7.1,15.6,158.0,9.7,24.1,1021.1
2023-05-02,10.5,7.7,13.6,72.0,10.9,25.9,1026.1
2023-05-03,9.2,5.4,13.1,86.0,15.3,33.3,1026.4
2023-05-04,12.2,7.5,16.3,107.0,17.0,35.2,1015.8
2023-05-05,13.5,11.0,16.0,205.0,13.6,29.6,1014.3
2023-05-06,12.4,9.8,14.5,170.0,10.7,27.8,1014.1
2023-05-07,14.9,11.2,19.2,255.0,9.3,24.1,1016.7
2023-05-08,12.3,9.7,14.0,210.0,13.3,31.5,1019.1
2023-05-09,13.4,11.3,16.3,260.0,12.0,24.1,1011.0
2023-05-10,12.3,8.9,15.9,283.0,12.0,27.8,1012.6
2023-05-10,12.3,8.9,15.9,283.0,12.0,27.8,1012.6
2023-05-13,11.4,8.2,15.7,15.0,18.7,37.0,1025.6
2023-05-14,12.5,7.1,18.6,327.0,8.8,22.2,1021.0
2023-05-15,11.7,7.9,13.7,347.0,16.8,38.9,1020.0
2023-05-16,10.8,5.4,15.4,325.0,11.3,27.8,1025.2
2023-05-17,11.8,6.9,16.2,337.0,9.0,22.2,1028.3
2023-05-19,11.7,8.2,15.4,63.0,8.4,24.1,1027.4
2023-05-21,12.2,6.9,17.0,17.0,18.4,37.0,1022.0
2023-05-22,13.2,8.9,17.9,358.0,19.7,38.9,1021.1
2023-05-23,12.5,8.1,16.4,26.0,14.1,27.8,1026.4
2023-05-24,13.6,8.3,18.4,343.0,10.6,27.8,1026.0
2023-05-26,11.8,6.5,16.9,55.0,14.7,31.5,1031.5
2023-05-27,12.6,6.8,18.6,61.0,12.2,24.1,1027.1
2023-05-30,11.6,7.0,15.8,40.0,19.6,37.0,1029.4
2023-05-31,13.2,9.5,18.1,43.0,18.6,35.2,1027.0
2023-06-01,12.4,9.0,16.4,39.0,19.0,35.2,1025.4
2023-06-02,12.0,8.8,16.1,36.0,17.7,33.3,1024.8
2023-06-03,13.4,7.2,19.7,40.0,17.3,35.2,1023.7
2023-06-04,14.2,8.3,20.2,46.0,16.0,31.5,1024.2
2023-06-05,12.8,7.9,17.6,39.0,15.6,31.5,1024.5
2023-06-06,12.8,9.1,17.6,43.0,16.5,31.5,1023.6
2023-06-07,14.0,8.0,20.2,53.0,15.6,31.5,1021.9
2023-06-08,14.4,8.3,20.4,56.0,16.7,31.5,1018.8
2023-06-09,17.2,10.0,24.2,59.0,18.0,35.2,1014.1
2023-06-09,17.2,10.0,24.2,59.0,18.0,35.2,1014.1
2023-06-10,21.0,14.4,27.9,75.0,15.9,35.2,1013.2
2023-06-11,21.8,15.4,28.3,86.0,11.2,25.9,1014.0
2023-06-12,20.8,16.1,25.5,85.0,8.6,22.2,1014.8
2023-06-13,19.9,13.4,26.9,51.0,15.8,37.0,1014.5
2023-06-14,18.6,10.8,26.4,54.0,14.8,29.6,1017.5
2023-06-15,18.8,11.7,25.8,62.0,11.9,25.9,1020.1
2023-06-17,18.3,12.2,24.1,95.0,10.7,25.9,1014.6
2023-06-18,18.5,15.7,22.3,145.0,10.6,25.9,1009.2
2023-06-19,18.5,14.2,23.0,218.0,14.8,31.5,1010.3
2023-06-20,18.5,14.7,23.3,177.0,12.3,31.5,1008.4
2023-06-21,18.6,13.5,23.6,231.0,13.3,29.6,1015.4
2023-06-23,20.0,14.2,25.6,229.0,11.3,31.5,1023.0
2023-06-25,22.2,16.4,28.5,188.0,15.8,40.8,1015.0
2023-06-26,17.1,12.0,21.5,271.0,17.6,38.9,1019.1
2023-06-27,16.7,11.1,20.8,252.0,13.3,31.5,1020.9
2023-06-27,16.7,11.1,20.8,252.0,13.3,31.5,1020.9
2023-06-28,19.6,15.3,23.9,243.0,13.8,31.5,1017.1
2023-06-28,19.6,15.3,23.9,243.0,13.8,31.5,1017.1
2023-06-28,19.6,15.3,23.9,243.0,13.8,31.5,1017.1
2023-06-28,19.6,15.3,23.9,243.0,13.8,31.5,1017.1
2023-06-29,17.6,14.8,21.2,315.0,12.2,27.8,1015.7
2023-06-29,17.6,14.8,21.2,315.0,12.2,27.8,1015.7
2023-06-30,15.5,10.9,18.2,246.0,15.4,40.8,1012.4
2023-06-30,15.5,10.9,18.2,246.0,15.4,40.8,1012.4
2023-07-01,18.4,14.6,21.7,271.0,20.6,42.6,1005.9
2023-07-02,15.5,10.2,19.9,267.0,18.2,44.5,1011.3
2023-07-02,15.5,10.2,19.9,267.0,18.2,44.5,1011.3
2023-07-03,14.6,9.7,18.2,257.0,21.3,50.0,1010.9
2023-07-03,14.6,9.7,18.2,257.0,21.3,50.0,1010.9
2023-07-24,15.3,13.0,17.1,329.0,13.1,31.5,1005.4
2023-07-24,15.3,13.0,17.1,329.0,13.1,31.5,1005.4
2023-07-25,14.5,10.7,18.4,315.0,11.0,29.6,1010.6
2023-07-25,14.5,10.7,18.4,315.0,11.0,29.6,1010.6
2023-07-25,14.5,10.7,18.4,315.0,11.0,29.6,1010.6
2023-07-25,14.5,10.7,18.4,315.0,11.0,29.6,1010.6
2023-07-26,15.1,9.2,20.5,238.0,12.4,33.3,1012.0
2023-07-26,15.1,9.2,20.5,238.0,12.4,33.3,1012.0
2023-07-27,18.6,15.8,21.3,240.0,19.7,38.9,1003.6
2023-07-27,18.6,15.8,21.3,240.0,19.7,38.9,1003.6
2023-07-28,18.4,15.3,21.9,242.0,14.5,33.3,1005.9
2023-07-28,18.4,15.3,21.9,242.0,14.5,33.3,1005.9
2023-07-29,17.9,14.7,21.6,243.0,18.7,44.5,1006.3
2023-07-29,17.9,14.7,21.6,243.0,18.7,44.5,1006.3
2023-07-30,16.1,12.3,19.6,246.0,20.5,42.6,1010.3
2023-07-30,16.1,12.3,19.6,246.0,20.5,42.6,1010.3
2023-07-31,17.8,15.1,19.8,246.0,21.0,38.9,1005.0
2023-07-31,17.8,15.1,19.8,246.0,21.0,38.9,1005.0
2023-08-01,16.6,13.0,20.0,258.0,18.9,38.9,1001.7
2023-08-01,16.6,13.0,20.0,258.0,18.9,38.9,1001.7
2023-08-02,16.7,14.9,18.4,227.0,16.8,40.8,989.2
2023-08-02,16.7,14.9,18.4,227.0,16.8,40.8,989.2
2023-08-03,16.2,13.0,19.6,318.0,16.0,33.3,1003.8
2023-08-03,16.2,13.0,19.6,318.0,16.0,33.3,1003.8
2023-08-04,15.5,12.0,18.9,317.0,12.2,25.9,1016.5
2023-08-04,15.5,12.0,18.9,317.0,12.2,25.9,1016.5
2023-08-05,13.5,11.9,15.5,207.0,14.4,40.8,1008.9
2023-08-05,13.5,11.9,15.5,207.0,14.4,40.8,1008.9
2023-08-06,13.6,9.7,17.2,311.0,19.7,40.8,1016.2
2023-08-06,13.6,9.7,17.2,311.0,19.7,40.8,1016.2
2023-08-07,14.7,9.4,19.2,281.0,14.0,33.3,1019.4
2023-08-07,14.7,9.4,19.2,281.0,14.0,33.3,1019.4
2023-08-08,14.3,10.3,17.2,249.0,12.6,27.8,1015.6
2023-08-08,14.3,10.3,17.2,249.0,12.6,27.8,1015.6
2023-08-08,14.3,10.3,17.2,249.0,12.6,27.8,1015.6
2023-08-09,17.2,11.4,22.2,267.0,9.2,22.2,1017.8
2023-08-09,17.2,11.4,22.2,267.0,9.2,22.2,1017.8
2023-08-10,19.8,14.1,25.0,182.0,10.7,27.8,1019.4
2023-08-10,19.8,14.1,25.0,182.0,10.7,27.8,1019.4
2023-08-11,19.7,16.8,23.5,219.0,16.1,37.0,1017.6
2023-08-11,19.7,16.8,23.5,219.0,16.1,37.0,1017.6
2023-08-13,17.3,14.1,21.1,225.0,16.8,38.9,1013.8
2023-08-13,17.3,14.1,21.1,225.0,16.8,38.9,1013.8
2023-08-14,17.5,15.2,20.3,197.0,15.9,38.9,1011.0
2023-08-14,17.5,15.2,20.3,197.0,15.9,38.9,1011.0
2023-08-16,17.8,12.8,23.0,35.0,9.1,24.1,1020.6
2023-08-16,17.8,12.8,23.0,35.0,9.1,24.1,1020.6
2023-08-17,18.2,14.1,23.3,74.0,15.0,33.3,1019.8
2023-08-17,18.2,14.1,23.3,74.0,15.0,33.3,1019.8
2023-08-18,19.0,15.7,22.7,94.0,15.7,35.2,1013.8
2023-08-18,19.0,15.7,22.7,94.0,15.7,35.2,1013.8
2023-08-19,20.0,16.3,22.9,213.0,18.5,42.6,1013.5
2023-08-19,20.0,16.3,22.9,213.0,18.5,42.6,1013.5
2023-08-20,18.4,13.8,23.5,226.0,12.5,31.5,1021.8
2023-08-20,18.4,13.8,23.5,226.0,12.5,31.5,1021.8
2023-08-20,18.4,13.8,23.5,226.0,12.5,31.5,1021.8
2023-08-20,18.4,13.8,23.5,226.0,12.5,31.5,1021.8
2023-08-21,18.2,12.9,23.8,231.0,12.9,33.3,1023.1
2023-08-21,18.2,12.9,23.8,231.0,12.9,33.3,1023.1
2023-08-22,18.5,13.7,23.9,245.0,13.6,31.5,1020.6
2023-08-22,18.5,13.7,23.9,245.0,13.6,31.5,1020.6
2023-08-23,18.5,12.6,24.3,235.0,7.9,20.4,1019.9
2023-08-23,18.5,12.6,24.3,235.0,7.9,20.4,1019.9
2023-08-24,19.3,15.2,24.8,230.0,8.9,27.8,1012.5
2023-08-24,19.3,15.2,24.8,230.0,8.9,27.8,1012.5
2023-08-25,15.7,12.5,19.0,291.0,12.8,29.6,1010.0
2023-08-25,15.7,12.5,19.0,291.0,12.8,29.6,1010.0
2023-08-26,14.4,11.0,18.3,244.0,11.4,31.5,1008.6
2023-08-26,14.4,11.0,18.3,244.0,11.4,31.5,1008.6
2023-08-27,13.9,9.6,17.9,283.0,13.6,33.3,1010.3
2023-08-27,13.9,9.6,17.9,283.0,13.6,33.3,1010.3
2023-08-28,14.3,10.2,18.8,309.0,10.9,27.8,1014.3
2023-08-28,14.3,10.2,18.8,309.0,10.9,27.8,1014.3
2023-08-29,15.1,11.1,19.8,269.0,9.7,27.8,1012.3
2023-08-29,15.1,11.1,19.8,269.0,9.7,27.8,1012.3
2023-08-30,14.4,10.7,18.1,296.0,14.2,35.2,1008.6
2023-08-30,14.4,10.7,18.1,296.0,14.2,35.2,1008.6
2023-08-31,12.9,9.2,15.6,195.0,8.6,24.1,1009.6
2023-08-31,12.9,9.2,15.6,195.0,8.6,24.1,1009.6
2023-08-31,12.9,9.2,15.6,195.0,8.6,24.1,1009.6
2023-08-31,12.9,9.2,15.6,195.0,8.6,24.1,1009.6
2023-09-01,17.3,14.2,21.7,142.0,7.6,20.4,1010.4
2023-09-01,17.3,14.2,21.7,142.0,7.6,20.4,1010.4
2023-09-02,17.6,14.1,22.3,46.0,10.3,24.1,1020.2
2023-09-02,17.6,14.1,22.3,46.0,10.3,24.1,1020.2
2023-09-03,18.8,13.6,24.7,77.0,8.0,22.2,1026.7
2023-09-03,18.8,13.6,24.7,77.0,8.0,22.2,1026.7
2023-09-04,20.5,15.3,27.3,84.0,12.6,29.6,1023.3
2023-09-04,20.5,15.3,27.3,84.0,12.6,29.6,1023.3
2023-09-05,21.3,14.9,28.9,68.0,12.9,27.8,1017.5
2023-09-05,21.3,14.9,28.9,68.0,12.9,27.8,1017.5
2023-09-06,22.4,14.8,30.7,45.0,7.1,18.5,1018.4
2023-09-06,22.4,14.8,30.7,45.0,7.1,18.5,1018.4
2023-09-08,23.0,16.4,29.8,198.0,6.4,20.4,1016.3
2023-09-08,23.0,16.4,29.8,198.0,6.4,20.4,1016.3
2023-09-09,24.1,16.6,31.6,163.0,6.0,20.4,1015.8
2023-09-09,24.1,16.6,31.6,163.0,6.0,20.4,1015.8
2023-09-10,23.5,18.1,29.1,133.0,9.0,24.1,1014.7
2023-09-10,23.5,18.1,29.1,133.0,9.0,24.1,1014.7
2023-09-11,20.7,17.4,24.9,224.0,13.0,31.5,1013.3
2023-09-11,20.7,17.4,24.9,224.0,13.0,31.5,1013.3
2023-09-12,18.3,15.8,22.0,251.0,9.6,24.1,1013.5
2023-09-12,18.3,15.8,22.0,251.0,9.6,24.1,1013.5
2023-09-13,16.4,13.2,20.5,27.0,12.2,29.6,1020.4
2023-09-13,16.4,13.2,20.5,27.0,12.2,29.6,1020.4
2023-09-14,16.8,11.9,22.5,177.0,8.5,24.1,1020.8
2023-09-15,17.7,11.3,24.3,133.0,7.6,22.2,1015.4
2023-09-16,18.9,13.6,25.1,57.0,10.0,25.9,1013.2
2023-09-17,18.2,15.1,21.3,79.0,14.4,33.3,1010.7
2023-09-18,17.2,12.5,19.7,218.0,19.6,48.2,1002.7
2023-09-19,15.8,12.1,18.7,215.0,28.1,63.0,1006.1
2023-09-20,17.7,15.4,19.3,201.0,31.5,61.1,999.0
2023-09-21,13.9,11.0,17.2,204.0,10.5,29.6,995.5
2023-09-22,12.3,8.2,16.8,260.0,10.6,27.8,1000.9
2023-09-23,12.2,7.9,17.1,241.0,11.8,29.6,1015.3
2023-09-24,16.0,11.0,19.7,176.0,22.0,53.7,1018.1
2023-09-25,17.9,14.5,21.5,200.0,15.9,37.0,1018.5
2023-09-26,16.7,13.1,21.6,170.0,14.4,37.0,1017.3
2023-09-27,16.8,12.0,21.0,155.0,14.8,38.9,1014.3
2023-09-28,16.0,13.1,18.0,201.0,19.1,38.9,1013.1
2023-09-29,16.6,12.1,19.3,244.0,14.0,35.2,1017.6
2023-10-01,18.4,15.6,22.3,193.0,15.2,37.0,1020.3
2023-10-02,17.9,15.1,21.0,162.0,8.0,24.1,1016.4
2023-10-03,15.0,12.0,18.1,258.0,19.2,46.3,1017.5
2023-10-04,13.1,10.0,16.9,226.0,15.9,42.6,1026.0
2023-10-05,14.4,11.7,17.7,214.0,14.2,33.3,1024.3
2023-10-06,16.5,13.7,20.5,224.0,19.4,42.6,1023.0
2023-10-07,18.2,14.2,23.5,221.0,15.4,35.2,1022.8
2023-10-07,18.2,14.2,23.5,221.0,15.4,35.2,1022.8
2023-10-08,17.3,12.1,23.5,201.0,7.9,24.1,1024.2
2023-10-09,17.3,12.9,23.7,213.0,6.6,18.5,1021.6
2023-10-10,16.8,13.0,21.2,202.0,14.7,37.0,1017.3
2023-10-11,17.7,15.3,21.1,216.0,18.5,38.9,1012.5
2023-10-12,14.5,12.9,16.0,281.0,9.1,22.2,1012.1
2023-10-13,17.0,11.7,19.4,223.0,26.0,55.5,1002.1
2023-10-14,9.2,5.9,12.5,285.0,13.0,33.3,1016.2
2023-10-15,5.8,2.3,10.5,340.0,8.0,25.9,1025.5
2023-10-17,10.7,7.7,14.0,77.0,16.8,40.8,1014.5
2023-10-18,13.4,11.3,17.0,98.0,23.5,51.8,995.8
2023-10-19,16.1,14.8,17.0,163.0,21.2,53.7,983.8
2023-10-20,13.9,11.8,15.4,173.0,11.3,25.9,977.4
2023-10-21,12.2,9.5,14.4,212.0,12.6,25.9,984.1
2023-10-23,10.5,7.3,14.2,90.0,10.4,27.8,1007.7
2023-10-24,10.1,8.0,13.9,161.0,7.9,27.8,1001.3
2023-10-25,9.6,7.8,12.4,37.0,9.4,24.1,996.3
2023-11-02,10.3,9.0,11.5,222.0,33.9,59.3,967.9
2023-11-03,9.1,6.7,12.3,231.0,18.5,42.6,981.5
2023-11-05,8.4,6.0,11.6,255.0,18.1,44.5,980.3
2023-11-05,8.4,6.0,11.6,255.0,18.1,44.5,980.3
2023-11-05,8.4,6.0,11.6,255.0,18.1,44.5,980.3
2023-11-06,8.6,6.1,12.0,222.0,15.8,37.0,997.9
2023-11-06,8.6,6.1,12.0,222.0,15.8,37.0,997.9
2023-11-07,7.4,5.2,11.0,226.0,14.4,33.3,1008.0
2023-11-08,8.5,5.7,12.1,210.0,16.2,46.3,1005.0
2023-11-09,7.1,5.3,9.5,205.0,16.2,37.0,997.0
2023-11-10,6.1,3.9,8.3,257.0,12.3,33.3,996.6
2023-11-17,5.9,3.2,8.8,200.0,8.7,18.5,1019.8
2023-11-18,11.8,7.5,14.5,192.0,21.6,38.9,1011.7
2023-11-19,11.3,10.0,13.1,227.0,26.9,51.8,1007.5
2023-11-21,8.3,5.6,9.6,338.0,16.2,37.0,1022.5
2023-11-24,5.4,1.0,8.9,314.0,17.1,40.8,1021.5
2023-11-26,2.6,-1.0,7.4,177.0,7.8,27.8,1015.2
2023-11-26,2.6,-1.0,7.4,177.0,7.8,27.8,1015.2
2023-11-28,3.1,0.8,5.2,309.0,9.6,29.6,1009.2
2023-11-29,0.5,-2.1,3.1,27.0,4.9,14.8,1005.4
2023-11-29,0.5,-2.1,3.1,27.0,4.9,14.8,1005.4
2023-12-01,-1.0,-2.6,2.1,357.0,9.3,20.4,1008.4
2023-12-03,3.2,-0.5,6.1,153.0,13.6,31.5,1010.7
2023-12-05,4.3,2.1,5.3,333.0,14.2,27.8,1008.2
2023-12-06,1.5,-0.7,3.4,97.0,6.1,22.2,1017.7
2023-12-06,1.5,-0.7,3.4,97.0,6.1,22.2,1017.7
2023-12-06,1.5,-0.7,3.4,97.0,6.1,22.2,1017.7
2023-12-07,5.8,3.0,7.5,140.0,22.0,42.6,1007.7
2023-12-08,7.4,5.3,10.1,202.0,14.1,33.3,1004.6
2023-12-09,9.4,7.5,12.0,212.0,28.4,51.8,996.9
2023-12-09,9.4,7.5,12.0,212.0,28.4,51.8,996.9
2023-12-10,8.7,6.7,10.9,224.0,24.5,48.2,1001.7
2023-12-10,8.7,6.7,10.9,224.0,24.5,48.2,1001.7
2023-12-12,8.8,6.8,10.4,186.0,15.1,33.3,998.0
2023-12-12,8.8,6.8,10.4,186.0,15.1,33.3,998.0
2023-12-13,6.4,4.7,7.6,314.0,20.3,50.0,1002.6
2023-12-13,6.4,4.7,7.6,314.0,20.3,50.0,1002.6
2023-12-14,4.2,1.6,6.4,241.0,8.7,25.9,1021.4
2023-12-14,4.2,1.6,6.4,241.0,8.7,25.9,1021.4
2023-12-15,4.4,1.6,7.2,216.0,7.3,18.5,1035.5
2023-12-16,8.6,5.1,10.9,214.0,13.9,27.8,1038.8
2023-12-16,8.6,5.1,10.9,214.0,13.9,27.8,1038.8
2023-12-17,8.5,7.2,10.0,206.0,18.8,38.9,1034.2
2023-12-18,9.6,7.6,11.6,210.0,20.6,37.0,1028.3
2023-12-19,9.8,5.3,12.2,263.0,17.7,37.0,1020.0
2023-12-20,7.7,4.8,10.4,257.0,21.0,38.9,1018.4
